item,intitule,module,modules_associes,contenu
1,"La relation médecin-malade dans le cadre du colloque singulier ou au sein d'une équipe, le cas échéant pluriprofessionnelle. La communication avec le patient et son entourage. L'annonce d'une maladie grave ou létale ou d'un dommage associé aux soins. La formation du patient. La personnalisation de la prise en charge médicale.",T01,,
2,Les valeurs professionnelles du médecin et des autres professions de santé,T01,,
3,"Le raisonnement et la décision en médecine. La médecine fondée sur les preuves (Evidence Based Medicine, EBM). La décision médicale partagée. La controverse",T03,M06,
4,Qualité et sécurité des soins. La sécurité du patient. La gestion des risques. Les événements indésirables associés aux soins (EIAS). Démarche qualité et évaluation des pratiques professionnelles,T01,,
5,"Responsabilités médicale pénale, civile, administrative et disciplinaire. La gestion des erreurs et des plaintes ; l'aléa thérapeutique",T01,,
6,L'organisation de l'exercice clinique et les méthodes qui permettent de sécuriser le parcours du patient,T01,,
7,Les droits individuels et collectifs du patient,T01,,
8,Les discriminations,T01,,
9,Introduction à l’éthique médicale,T01,,
10,Approches transversales du corps,T01,,
11,Violences et santé,T01,C19,
12,Violences sexuelles,T01,C13,
13,la mort,T01,C18,
14,Certificats médicaux. Décès et législation,T01,C19,
15,Soins psychiatriques sans consentement,C11,T01,
16,Organisation du système de soins. Sa régulation. Les indicateurs. Parcours de soins,T02,,
17,"Télémédecine, télésanté et téléservices en santé",T02,,
18,Santé et numérique,T02,,
19,La sécurité sociale. L'assurance maladie. Les assurances complémentaires. La coomplémentaire santé solidaire (CSS). La consommation médicale. Protection sociale. Consommation médicale et économie de la santé.,T02,,
20,La méthodologie de la recherche en santé,T03,,
21,Mesure de l'état de santé de la population,T02,T03,
22,Maladies rares,T02,M04,
23,Grossesse normale,C13,N12,
24,Principales complications de la grossesse,C13,,
25,Grossesse extra-utérine,C13,,
26,Douleur abdominale aiguë chez une femme enceinte,C13,,
27,"Prévention des risques fœtaux : infection, médicaments, toxiques, irradiation",C13,,
28,Connaître les particularités de l'infection urinaire au cours de la grossesse,C13,,
29,"Connaître les principaux risques professionnels pour la maternité, liés au travail de la mère.",C13,,
30,Prématurité et retard de croissance intra-utérin : facteurs de risque et prévention,C13,,
31,"Accouchement, délivrance et suites de couches normales",C13,,
32,Évaluation et soins du nouveau-né à terme,C12,C13,
33,Allaitement maternel,C13,C12,
34,Suites de couches pathologiques : pathologie maternelle dans les 40 jours,C13,,
35,Anomalies du cycle menstruel. Métrorragies,C13,,
36,Contraception,C13,,
37,Interruption volontaire de grossesse,C13,,
38,Infertilité du couple : conduite de la première consultation,C13,,
39,"Assistance médicale à la procréation : principaux aspects biologiques, médicaux et éthiques",C13,,
40,Algies pelviennes chez la femme,C13,,
41,Endométriose,C13,,
42,Aménorrhée,C13,,
43,Hémorragie génitale chez la femme,C13,,
44,Tuméfaction pelvienne chez la femme,C13,,
45,Spécificités des maladies génétiques,M04,C12,
46,Medecine génomique,M04,T01,
47,"Suivi d'un nourrisson, d'un enfant et d'un adolescent normal. Dépistage des anomalies orthopédiques, des troubles visuels, auditifs et dentaires. Examens de santé obligatoires. Médecine scolaire. Mortalité et morbidité infantiles.",C12,,
48,Alimentation et besoins nutritionnels du nourrisson et de l'enfant,C12,,
49,Puberté normale et pathologique,C12,C05,
50,Pathologie génito-scrotale chez le garçon et chez l'homme,C04,C12,
51,Troubles de la miction chez l'enfant,C12,,
52,Strabisme et amblyopie de l'enfant,C15,C12,
53,Retard de croissance staturo-pondérale,C12,,
54,Boiterie chez l'enfant,C12,C09,
55,"Développement psychomoteur du nourrisson et de l'enfant : aspects normaux et pathologiques (sommeil, alimentation, contrôles sphinctériens, psychomotricité, langage, intelligence). L'installation précoce de la relation parents-enfant et son importance. Troubles de l'apprentissage (voir item 122).",C12,,
56,"L'enfant handicapé : orientation et prise en charge (voir items 118, 121)",C12,C18,
57,Maltraitance et enfants en danger. Protection maternelle et infantile,C12,T01,
58,Sexualité normale et ses troubles,C11,C13;C04,
59,Sujets en situation de précarité,T02,T05,
60,"Connaître les facteurs de risque, prévention, dépistage des troubles psychiques de l'enfant à la personne âgée",C11,,
61,Connaître les bases des classifications des troubles mentaux de l'enfant à la personne âgée,C11,,
62,"Décrire l'organisation de l'offre de soins en psychiatrie, de l'enfant à la personne âgée",C11,,
63,Trouble schizophrénique,C11,,
64,Trouble bipolaire,C11,,
65,Trouble délirant persistant,C11,,
66,"Diagnostiquer : un trouble dépressif, un trouble anxieux généralisé, un trouble panique, un trouble phobique, un trouble obsessionnel compulsif, un état de stress post-traumatique, un trouble de l'adaptation (de l'enfant à la personne âgée), un trouble de la personnalité.",C11,,
67,"Troubles envahissants du développement (voir items 118, 121, 122, 138)",C11,C12,
68,Troubles du comportement de l'adolescent,C11,C12,
69,Troubles psychiques de la grossesse et du post-partum,C11,C13,
70,Troubles psychiques du sujet âgé,C11,C18,
71,Troubles des conduites alimentaires chez l'adolescent et l'adulte (voir item 253),C11,C05,
72,Troubles à symptomatologie somatique et apparentés à tous les ages,C11,,
73,Différents types de techniques psychothérapeutiques,C11,,
74,Prescription et surveillance des psychotropes (voir item 330),C11,T04,
75,Addiction au tabac,C11,,
76,Addiction à l'alcool.,C11,,
77,Addiction aux médicaments psychotropes (benzodiazépines et apparentés) (voir item 322),C11,T04,
78,"Addiction au cannabis, à la cocaïne, aux amphétamines, aux opiacés, aux drogues de synthèse (voir item 322)",C11,,
79,Addictions comportementales,C11,,
80,Dopage et conduites dopantes (voir item 256),C11,T02,
81,Altération chronique de la vision,C15,,
82,Altération aiguë de la vision,C15,,
83,Infections et inflammations oculaires,C15,,
84,Glaucomes,C15,,
85,Troubles de la réfraction,C15,,
86,Pathologie des paupières,C15,,
87,Epistaxis,C16,,
88,Trouble aigu de la parole. Dysphonie,C16,C10,
89,Altération de la fonction auditive,C16,,
90,Pathologie des glandes salivaires,C16,,
91,Déficit neurologique récent (voir item 340),C10,C19,
92,Déficit moteur et/ou sensitif des membres,C10,,
93,Compression médullaire non traumatique et syndrome de la queue de cheval,C10,C09,
94,Rachialgie,C09,,
95,Radiculalgie et syndrome canalaire,C09,C10,
96,Neuropathies périphériques,C10,,
97,Polyradiculonévrite aiguë inflammatoire (syndrome de Guillain-Barré),C10,,
98,Myasthénie,C10,,
99,"Migraine, névralgie du trijumeau et algies de la face",C10,,
100,Céphalée inhabituelle aiguë et chronique chez l'adulte et l'enfant,C10,,
101,Paralysie faciale,C10,C16,
102,Diplopie,C10,C15,
103,Vertige,C16,C10,
104,Sclérose en plaques,C10,,
105,Épilepsie de l'enfant et de l'adulte,C10,,
106,Maladie de Parkinson,C10,,
107,Mouvements anormaux,C10,,
108,"Confusion, démences (voir item 132)",C10,C18,
109,Troubles de la marche et de l'équilibre,C10,,
110,Troubles du sommeil de l'enfant et de l'adulte,C10,C11,
111,"Dermatoses faciales : acné, rosacée, dermatite séborrhéique",C14,,
112,Dermatose bulleuse touchant la peau et/ou les muqueuses externes,C14,,
113,Hémangiomes et malformations vasculaires cutanées,C14,,
114,Exanthème et érythrodermie de l'adulte et de l'enfant,C14,,
115,Toxidermies,C14,,
116,Prurit,C14,,
117,Psoriasis,C14,,
118,La personne handicapée : bases de l'évaluation fonctionnelle et thérapeutique,C18,T02,
119,Soins et accompagnement dans la maladie chronique et le handicap,C18,,
120,Complications de l'immobilité et du décubitus. Prévention et prise en charge,C18,,
121,Le handicap psychique (voir item 56 et 118),C18,,
122,Principales techniques de rééducation et de réadaptation (voir item 55),C18,,
123,"Vieillissement normal : aspects biologiques, fonctionnels et relationnels. Données épidémiologiques et sociologiques. Prévention du vieillissement pathologique",C18,,
124,"Ménopause, insuffisance ovarienne prématurée, andropause, déficit androgénique lié à l’âge",C13,C05,
125,Troubles de la miction et incontinence urinaire de l'adulte et du sujet âgé,C04,C18,
126,Trouble de l'érection,C04,,
127,Hypertrophie bénigne de la prostate,C04,,
128,Ostéopathies fragilisantes,C09,C05,
129,Arthrose,C09,,
130,"La personne âgée malade : particularités sémiologiques, psychologiques et thérapeutiques",C18,,
131,Troubles de la marche et de l'équilibre (voir item 109),C18,,
132,Troubles cognitifs du sujet âgé (voir item 108),C18,C10,
133,Autonomie et dépendance chez le sujet âgé,C18,,
134,"Bases neurophysiologiques, mécanismes physiopathologiques d'une douleur aiguë et d'une douleur chronique",C18,,
135,"Thérapeutiques antalgiques, médicamenteuses et non médicamenteuses",C18,,
136,"Anesthésie locale, locorégionale et générale",C19,,
137,Douleur chez l'enfant : évaluation et traitements antalgique,C18,C12,
138,Douleur chez la personne vulnérable,C18,,
139,"Soins palliatifs pluridisciplinaires chez un malade en phase palliative ou terminale d'une maladie grave, chronique ou létale (1). Principaux repères cliniques. Modalités d'organisation des équipes, en établissement de santé et en et en ambulatoire",C18,,
140,"Soins palliatifs pluridisciplinaires chez un malade en phase palliative ou terminale d'une maladie grave, chronique ou létale (2). Accompagnement de la personne malade et de son entourage. Principaux repères éthiques",C18,,
141,"Soins palliatifs pluridisciplinaires chez un malade en phase palliative ou terminale d'une maladie grave, chronique ou létale (3). La sédation pour détresse en phase terminale et dans des situations spécifiques et complexes en fin de vie. Réponse à la demande d'euthanasie ou de suicide assisté.",C18,,
142,Connaître les aspects spécifiques des soins palliatifs en pédiatrie,C18,C12,
143,Connaître les aspects spécifiques des soins palliatifs en réanimation,C18,C19,
144,Deuil normal et pathologique,C18,,
145,Surveillance des maladies infectieuses transmissibles,C07,T02,
146,Vaccinations,C07,T05,
147,Fièvre aiguë chez l'enfant et l'adulte,C07,C12,
148,Infections naso-sinusiennes de l'adulte et de l'enfant,C07,C16,
149,Angines de l'adulte et de l'enfant et rhinopharyngites de l'enfant,C07,C16,
150,Otites infectieuses de l'adulte et de l'enfant,C07,C16,
151,"Méningites, méningoencéphalites, abcès cérébral chez l'adulte et l'enfant",C07,C10,
152,Endocardite infectieuse,C07,C01,
153,Surveillance des porteurs de valve et prothèses vasculaires,C01,C07,
154,Infections broncho pulmonaires communautaires de l'adulte et de l'enfant,C07,C02,
155,"Infections cutanéo-muqueuses et des phanères, bactériennes et mycosiques de l'adulte et de l'enfant",C07,C14,
156,Infections ostéo articulaires (IOA) de l'enfant et de l'adulte,C07,C09,
157,Septicémie/Bactériémie/Fongémie de l'adulte et de l'enfant,C07,,
158,Sepsis et choc septique de l’enfant et de l’adulte,C07,C19,
159,Tuberculose de l'adulte et de l'enfant,C07,C02,
160,Tétanos,C07,,
161,Infections urinaires de l'enfant et de l'adulte,C07,C04,
162,"Infections sexuellement transmissibles (IST) : gonococcies, chlamydioses, syphilis, papillomavirus humain (HPV), trichomonose",C07,C13;C14,
163,Coqueluche,C07,C12,
164,Exanthèmes fébriles de l'enfant,C07,C12;C14,
165,Oreillons,C07,C12,
166,Grippe,C07,,
167,Hépatites virales,C07,C03,
168,Infections à herpès virus du sujet immunocompétent,C07,,
169,Infections à VIH,C07,C08,
170,Paludisme,C07,,
171,Gale et pédiculose,C14,C07,
172,"Parasitoses digestives : giardiose, amoebose, téniasis, ascaridiose, oxyurose",C07,C03,
173,Zoonoses,C07,,
174,Pathologie infectieuse chez les migrants adultes et enfants,C07,T02,
175,"Voyage en pays tropical de l'adulte et de l'enfant : conseils avant le départ, pathologies du retour : fièvre, diarrhée, manifestations cutanées",C07,,
176,Diarrhées infectieuses de l'adulte et de l'enfant,C07,C03,
177,Prescription et surveillance des anti-infectieux chez l'adulte et l'enfant (voir item 330),C07,T04,
178,"Risques émergents, bioterrorisme, maladies hautement transmissibles",T02,C07,
179,Risques sanitaires liés à l'eau et à l'alimentation. Toxi-infections alimentaires,T02,C07,
180,Risques sanitaires liés aux irradiations. Radioprotection,T02,F02,
181,La sécurité sanitaire des produits destinés à l'homme. La veille sanitaire (voir item 325),T02,,
182,Environnement professionnel et santé au travail,T02,,
183,Organisation de la médecine du travail. Prévention des risques professionnels,T02,,
184,Accidents du travail et maladies professionnelles : définitions et enjeux,T02,,
185,Réaction inflammatoire : aspects biologiques et cliniques. Conduite à tenir,C08,M03,
186,"Hypersensibilités et allergies chez l'enfant et l'adulte : aspects physiopathologiques, épidémiologiques, diagnostiques et principes de traitement",C08,M01,
187,"Hypersensibilités et allergies cutanéomuqueuses chez l'enfant et l'adulte. Urticaire, dermatites atopique et de contact",C14,C08,
188,"Hypersensibilité et allergies respiratoires chez l'enfant et chez l'adulte. Asthme, rhinite",C02,C08,
189,Déficit immunitaire,C08,M01,
190,Fièvre prolongée,C08,C07,
191,Fièvre chez un patient immunodéprimé,C07,C06,
192,"Pathologies auto-immunes : aspects épidémiologiques, diagnostiques et principes de traitement",C08,M01,
193,"Connaître les principaux types de vascularite systémique, les organes cibles, les outils diagnostiques et les moyens thérapeutiques",C08,,
194,Lupus systémique (LS). Syndrome des anti-phospholipides,C08,C09,
195,Artérite à cellules géantes,C08,,
196,Polyarthrite rhumatoïde,C09,C08,
197,Spondyloarthrite,C09,C08,
198,Arthropathies microcristallines,C09,,
199,Syndrome douloureux régional complexe (ex algodystrophie),C09,,
200,Douleur et épanchement articulaire. Arthrite d'évolution récente,C09,,
201,Transplantation d'organes : Aspects épidémiologiques et immunologiques ; principes de traitement et surveillance ; complications et pronostic ; aspects éthiques et légaux. Prélèvements d'organes et législation.,C08,C04,
202,Biothérapies et thérapies ciblées,C08,T04,
203,Dyspnée aiguë et chronique,C02,,
204,Toux chez l'enfant et chez l'adulte (avec le traitement),C02,,
205,Hémoptysie,C02,,
206,Épanchement pleural liquidien,C02,,
207,Opacités et masses intra-thoraciques chez l'enfant et chez l'adulte,C02,,
208,Insuffisance respiratoire chronique,C02,,
209,Bronchopneumopathie chronique obstructive chez l'adulte,C02,,
210,Pneumopathie interstitielle diffuse,C02,,
211,Sarcoïdose,C02,C08,
212,Hémogramme chez l'adulte et l'enfant : indications et interprétation,C06,M07,
213,Anémie chez l'adulte et l'enfant,C06,C12,
214,Thrombopénie chez l'adulte et l'enfant,C06,,
215,Purpuras chez l'adulte et l'enfant,C06,,
216,Syndrome hémorragique d'origine hématologique,C06,,
217,Syndrome mononucléosique,C06,,
218,Éosinophilie,C06,,
219,Pathologie du fer chez l'adulte et l'enfant,C06,C03,
220,Adénopathie superficielle de l'adulte et de l'enfant,C06,,
221,Athérome : épidémiologie et physiopathologie. Le malade poly-athéromateux,C01,,
222,Facteurs de risque cardio-vasculaire et prévention,C01,T05,
223,Dyslipidémies,C01,C05,
224,Hypertension artérielle de l'adulte et de l'enfant,C01,C04,
225,"Artériopathie de l'aorte, des artères viscérales et des membres inférieurs ; anévrysmes",C01,,
226,Thrombose veineuse profonde et embolie pulmonaire (voir item 330),C01,C02;C06,
227,Insuffisance veineuse chronique. Varices,C01,,
228,Ulcère de jambe,C01,C14,
229,Surveillance et complications des abords veineux,C19,C01,
230,Douleur thoracique aiguë,C01,,
231,Électrocardiogramme : indications et interprétations,C01,M07,
232,Fibrillation atriale,C01,,
233,Valvulopathies,C01,,
234,Insuffisance cardiaque de l'adulte,C01,,
235,Péricardite aiguë,C01,,
236,Troubles de la conduction intracardiaque,C01,,
237,Palpitations,C01,,
238,Souffle cardiaque chez l'enfant,C01,C12,
239,"Acrosyndromes (phénomène de Raynaud, érythermalgie, acrocyanose, engelures, ischémie digitale)",C01,,
240,Hypoglycémie chez l'adulte et l'enfant,C05,C19,
241,"Goitre, nodules thyroïdiens et cancers thyroïdiens",C05,,
242,Hyperthyroïdie,C05,,
243,Hypothyroïdie,C05,,
244,Adénome hypophysaire,C05,,
245,Insuffisance surrénale chez l'adulte et l'enfant,C05,,
246,Gynécomastie,C05,,
247,Diabète sucré de types 1 et 2 de l'enfant et de l'adulte. Complications,C05,C12,
248,Prévention primaire par la nutrition chez l'adulte et l'enfant,C05,T05,
249,Modifications thérapeutiques du mode de vie (alimentation et activité physique) chez l'adulte et l'enfant et savoir les présenter aux patients,C05,T05,
250,Dénutrition chez l'adulte et l'enfant,C05,,
251,Amaigrissement à tous les âges,C05,,
252,Troubles nutritionnels chez le sujet âgé,C05,,
253,Obésité de l'enfant et de l'adulte (voir item 71),C05,C12,
254,Besoins nutritionnels de la femme enceinte,C13,C05,
255,Diabète gestationnel,C13,C05,
256,Aptitude au sport chez l'adulte et l'enfant ; besoins nutritionnels chez le sportif (voir item 80),C05,C01,
257,Œdèmes des membres inférieurs localisés ou généralisés,C04,C01,
258,Élévation de la créatininémie,C04,,
259,Protéinurie et syndrome néphrotique de chez l'adulte et de l'enfant,C04,,
260,Hématurie,C04,,
261,Néphropathie glomérulaire,C04,,
262,Néphropathies interstitielles,C04,,
263,Néphropathies vasculaires,C04,,
264,Insuffisance rénale chronique chez l'adulte et l'enfant,C04,C12,
265,Lithiase urinaire,C04,,
266,Polykystose rénale,C04,,
267,Troubles de l'équilibre acido-basique et désordres hydro-électrolytiques,C04,C19,
268,Hypercalcémie,C05,C04,
269,Douleurs abdominales aiguës chez l'enfant et chez l'adulte,C03,C19,
270,Douleurs lombaires aiguës,C04,C19,
271,"Reflux gastro-œsophagien chez le nourrisson, chez l'enfant et chez l'adulte. Hernie hiatale",C03,C12,
272,Ulcère gastrique et duodénal. Gastrite,C03,,
273,Dysphagie,C03,,
274,"Vomissements du nourrisson, de l'enfant et de l'adulte",C03,,
275,Splénomégalie,C06,C03,
276,Hépatomégalie et masse abdominale,C03,,
277,Lithiase biliaire et complications,C03,,
278,Ictère de l'adulte et de l'enfant,C03,,
279,Cirrhose et complications,C03,,
280,Ascite,C03,,
281,Pancréatite chronique,C03,,
282,Maladies Inflammatoires Chroniques de l'Intestin (MICI) chez l'adulte,C03,,
283,Constipation chez l'enfant et l'adulte,C03,,
284,Colopathie fonctionnelle,C03,,
285,Diarrhée chronique chez l'adulte et l'enfant,C03,,
286,"Diarrhée aiguë et déshydratation chez le nourrisson, l'enfant et l'adulte",C03,C12,
287,Diverticulose colique et diverticulite aiguë du sigmoïde,C03,C19,
288,Pathologie hémorroïdaire,C03,,
289,Hernie pariétale chez l'enfant et l'adulte,C03,,
290,"Épidémiologie, facteurs de risque, prévention et dépistage des cancers",C17,,
291,"Cancer : cancérogénèse, oncogénétique",C17,,
292,Diagnostic des cancers : signes d'appel et investigations para-cliniques ; caractérisation du stade ; pronostic,C17,,
293,"Le médecin préleveur de cellules et/ou de tissus pour des examens d'Anatomie et Cytologie Pathologiques : connaître les principes de réalisation, transmission et utilisation des prélèvements à visée sanitaire et de recherche",C17,,
294,"Traitement des cancers : principales modalités, classes thérapeutiques et leurs complications majeures",C17,,
295,"Prise en charge et accompagnement d'un malade atteint de cancer à tous les stades de la maladie dont le stade de soins palliatifs en abordant les problématiques techniques, relationnelles, sociales et éthiques.",C17,,
296,Agranulocytose médicamenteuse : conduite à tenir,C06,T04,
297,"Cancer de l'enfant : particularités épidémiologiques, diagnostiques et thérapeutiques",C17,C12,
298,"Tumeurs de la cavité buccale, naso-sinusiennes et du cavum, et des voies aérodigestives supérieures",C16,C17,
299,Tumeurs intracrâniennes,C10,C17,
300,"Tumeurs du col utérin, tumeur du corps utérin",C13,C17,
301,Tumeurs du colon et du rectum,C03,C17,
302,"Tumeurs cutanées, épithéliales et mélaniques",C14,C17,
303,Tumeurs de l'estomac,C03,C17,
304,"Tumeurs du foie, primitives et secondaires",C03,C17,
305,Tumeurs de l'œsophage,C03,C17,
306,Tumeurs de l'ovaire,C13,C17,
307,Tumeurs des os primitives et secondaires,C09,C17,
308,Tumeurs du pancréas,C03,C17,
309,"Tumeurs du poumon, primitives et secondaires",C02,C17,
310,Tumeurs de la prostate,C04,C17,
311,Tumeurs du rein,C04,C17,
312,Tumeurs du sein,C13,C17,
313,Tumeurs du testicule,C04,C17,
314,Tumeurs vésicales,C04,C17,
315,Leucémies aiguës,C06,C17,
316,Syndromes myélodysplasiques,C06,C17,
317,Syndromes myéloprolifératifs,C06,C17,
318,Leucémies lymphoïdes chroniques,C06,C17,
319,Lymphomes malins,C06,C17,
320,Myélome multiple des os,C06,C17,
321,Principe du bon usage du médicament et des thérapeutiques non médicamenteuses,T04,,
322,La décision thérapeutique personnalisée : bon usage dans des situations à risque,T04,M05,
323,"Analyser et utiliser les résultats des études cliniques dans la perspective du bon usage - analyse critique, recherche clinique et niveaux de preuve (voir item 3)",T03,,
324,"Éducation thérapeutique, observance et automédication",T04,,
325,"Identification et gestion des risques liés aux médicaments et aux biomatériaux, risque iatrogène, erreur médicamenteuse (voir item 4 et item 5)",T04,T01,
326,Cadre réglementaire de la prescription thérapeutique et recommandations pour le bon usage,T04,,
327,"Principes de la médecine intégrative, utilité et risques des interventions non médicamenteuses et des thérapies complémentaires",T04,,
328,Thérapeutiques non médicamenteuses et dispositifs médicaux,T04,,
329,Connaître les caractéristiques des produits sanguins labiles (PSL) et leur spécificité,C06,T04,
330,"Prescription et surveillance des classes de médicaments les plus courantes chez l'adulte et chez l'enfant, hors anti-infectieux (voir item 177).",T04,M05,
331,Arrêt cardio-circulatoire,C19,,
332,"État de choc. Principales étiologies : hypovolémique, septique (voir item 158), cardiogénique, anaphylactique",C19,,
333,Situations exceptionnelles,C19,,
334,"Prise en charge immédiate pré-hospitalière et à l'arrivée à l'hôpital, évaluation des complications chez : un brûlé, un polytraumatisé, un traumatisé abdominal, un traumatisé des membres, un traumatisé du rachis, un traumatisé thoracique, un traumatisé oculaire, un patient ayant une plaie des parties molles.",C19,C09,
335,Orientation diagnostique et conduite à tenir devant un traumatisme cranio-facial,C19,C16,
336,Coma non traumatique chez l'adulte et chez l'enfant,C19,,
337,Principales intoxications aiguës,C19,T04,
338,Œdème de Quincke et anaphylaxie,C19,C08,
339,Syndromes coronariens aigus,C01,C19,
340,Accidents vasculaires cérébraux,C10,C19,
341,Hémorragie méningée,C10,,
342,"Malaise, perte de connaissance, crise convulsive d'épilepsie chez l'adulte (voir item 105)",C10,C19,
343,État confusionnel et trouble de conscience chez l'adulte et chez l'enfant,C19,C10,
344,Prise en charge d'une patiente atteinte de pré-éclampsie,C13,C19,
345,Malaise grave du nourrisson et mort inattendue du nourrisson,C12,C19,
346,Convulsions chez le nourrisson et chez l'enfant,C12,C19,
347,Rétention aiguë d'urine,C04,C19,
348,Insuffisance rénale aiguë - Anurie,C04,C19,
349,"Infection aiguë des parties molles (abcès, panaris, phlegmon des gaines)",C07,C09,
350,Grosse jambe rouge aiguë,C07,C14,
351,Agitation et délire aigu,C11,C19,
352,Crise d'angoisse aiguë et attaque de panique,C11,,
353,"Risque et conduite suicidaires chez l'enfant, l'adolescent et l'adulte : identification et prise en charge",C11,C19,
354,Syndrome occlusif de l'enfant et de l'adulte,C03,C19,
355,Hémorragie digestive,C03,C19,
356,Appendicite de l'enfant et de l'adulte,C03,C12,
357,Péritonite aiguë chez l'enfant et chez l'adulte,C03,C19,
358,Pancréatite aiguë,C03,C19,
359,"Détresse et insuffisance respiratoire aigüe du nourrisson, de l'enfant et de l'adulte",C19,C02;C12,
360,Pneumothorax,C02,C19,
361,"Lésions péri-articulaires et ligamentaires du genou, de la cheville et de l'épaule",C09,,
362,Prothèses et ostéosynthèses,C09,,
363,Fractures fréquentes de l'adulte et du sujet âgé,C09,,
364,"Fractures chez l'enfant : particularités épidémiologiques, diagnostiques et thérapeutiques",C09,C12,
365,Surveillance d'un malade sous plâtre/résine,C09,,
366,Exposition accidentelle aux liquides biologiques : conduite à tenir,C07,T02,
367,Impact de l’environnement sur la santé.,T02,,
