id,en,fr
membrane_potential,membrane potential,potentiel de membrane
resting_potential,resting membrane potential,potentiel de repos
capacitance,membrane capacitance,capacité membranaire
conductance,conductance,conductance
resistance,input resistance,résistance d'entrée
time_constant,membrane time constant,constante de temps membranaire
depolarization,depolarization,dépolarisation
hyperpolarization,hyperpolarization,hyperpolarisation
leak_current,leak current,courant de fuite
reversal_potential,reversal potential,potentiel d'inversion
equilibrium,equilibrium,équilibre
steady_state,steady state,état stationnaire
action_potential,action potential,potentiel d'action
ion_channel,ion channel,canal ionique
electrochemical_gradient,electrochemical gradient,gradient électrochimique
threshold,threshold,seuil
