module_id,statut_apprentissage,derniere_evaluation,score,prochaine_revision
F01,not_started,,,
F02,not_started,,,
F03,not_started,,,
F04,not_started,,,
F05,not_started,,,
F06,not_started,,,
F07,not_started,,,
N01,not_started,,,
N02,not_started,,,
N03,not_started,,,
N04,not_started,,,
N05,not_started,,,
N06,not_started,,,
N07,not_started,,,
N08,not_started,,,
N09,not_started,,,
N10,not_started,,,
N11,not_started,,,
N12,not_started,,,
N13,not_started,,,
M01,not_started,,,
M02,not_started,,,
M03,not_started,,,
M04,not_started,,,
M05,not_started,,,
M06,not_started,,,
M07,not_started,,,
C01,not_started,,,
C02,not_started,,,
C03,not_started,,,
C04,not_started,,,
C05,not_started,,,
C06,not_started,,,
C07,not_started,,,
C08,not_started,,,
C09,not_started,,,
C10,not_started,,,
C11,not_started,,,
C12,not_started,,,
C13,not_started,,,
C14,not_started,,,
C15,not_started,,,
C16,not_started,,,
C17,not_started,,,
C18,not_started,,,
C19,not_started,,,
T01,not_started,,,
T02,not_started,,,
T03,not_started,,,
T04,not_started,,,
T05,not_started,,,
X01,not_started,,,
